City_ID,City,Lat,Lng,Max Temp,Humidity,Cloudiness,Wind Speed,Country,Date
0,ozernovskiy,51.5,156.5167,1.42,99,95,4.89,RU,1681432334
1,la ronge,55.1001,-105.2842,10.12,27,40,2.06,CA,1681432335
2,mastic beach,40.7668,-72.8521,25.43,62,0,3.6,US,1681432335
3,carballo,43.213,-8.691,11.67,91,100,5.05,ES,1681432335
4,muroto,33.2833,134.15,16.75,69,100,2.54,JP,1681432335
5,port lincoln,-34.7333,135.8667,20.88,44,100,8.18,AU,1681432335
6,whittlesea,-32.1759,26.8244,8.54,73,7,1.89,ZA,1681432336
7,ushuaia,-54.8,-68.3,3.81,81,0,1.03,AR,1681432106
8,ribeira grande,38.5167,-28.7,17.1,93,96,7.15,PT,1681432336
9,ballina,-28.8667,153.5667,22.66,63,64,6.46,AU,1681432132
10,port alfred,-33.5906,26.891,16.05,77,3,7.0,ZA,1681432336
11,bluff,-46.6,168.3333,15.44,70,0,5.48,NZ,1681432336
12,bengkulu,-3.8004,102.2655,26.38,76,54,1.37,ID,1681432311
13,punta arenas,-53.15,-70.9167,2.06,80,0,1.54,CL,1681432076
14,san quintin,30.4833,-115.95,13.96,63,21,7.11,MX,1681432337
15,maniitsoq,65.4167,-52.9,-1.29,70,90,2.61,GL,1681432337
16,fort nelson,58.8053,-122.7002,7.77,34,75,2.57,CA,1681432330
17,nadym,65.5333,72.5167,-20.49,94,16,7.25,RU,1681432337
18,khatanga,71.9667,102.5,-14.74,76,72,8.95,RU,1681432338
19,port blair,11.6667,92.75,27.93,71,3,2.03,IN,1681432338
20,vaini,-21.2,-175.2,30.09,66,20,7.72,TO,1681432043
21,sorland,67.667,12.6934,5.92,76,14,9.07,NO,1681432338
22,jingdezhen,29.2947,117.2079,21.18,89,100,0.91,CN,1681432338
23,victoria,22.2855,114.1577,24.68,85,100,4.02,HK,1681432334
24,kaitangata,-46.2817,169.8464,15.52,67,70,5.67,NZ,1681432339
25,kapaa,22.0752,-159.319,26.99,81,100,6.69,US,1681432295
26,bethel,41.3712,-73.414,27.64,39,0,1.54,US,1681432117
27,georgetown,5.4112,100.3354,28.96,91,20,2.06,MY,1681432095
28,ambilobe,-13.2,49.05,21.82,96,11,1.42,MG,1681432339
29,yellowknife,62.456,-114.3525,-2.71,74,100,2.06,CA,1681432113
30,liverpool,53.4106,-2.9779,7.12,81,0,3.6,GB,1681432339
31,albany,42.6001,-73.9662,25.23,56,2,2.07,US,1681432122
32,tautira,-17.7333,-149.15,26.64,67,36,4.2,PF,1681432340
33,jucas,-6.5253,-39.5275,22.52,74,99,0.43,BR,1681432340
34,arraial do cabo,-22.9661,-42.0278,24.13,91,7,5.78,BR,1681432340
35,saint-joseph,-21.3667,55.6167,23.59,84,98,1.2,RE,1681432340
36,zhezkazgan,47.8043,67.7144,10.99,54,40,6.0,KZ,1681432340
37,ponta delgada,37.7333,-25.6667,16.4,88,20,3.09,PT,1681432341
38,beidao,34.5686,105.8933,12.02,58,26,2.98,CN,1681432341
39,cape town,-33.9258,18.4232,16.72,81,75,3.6,ZA,1681432290
40,darhan,49.4867,105.9228,-1.84,49,10,2.91,MN,1681432341
41,hermanus,-34.4187,19.2345,14.89,69,87,6.12,ZA,1681432342
42,lompoc,34.6391,-120.4579,18.16,70,0,10.28,US,1681432322
43,tsabong,-26.0217,22.401,16.31,13,0,3.96,BW,1681432342
44,igarka,67.4667,86.5833,-16.7,91,100,5.5,RU,1681432346
45,saskylakh,71.9167,114.0833,-15.84,88,31,5.46,RU,1681432346
46,puerto ayora,-0.7393,-90.3518,28.08,89,96,3.13,EC,1681432346
47,amapa,1.0,-52.0,22.92,98,100,0.79,BR,1681432346
48,constitucion,-35.3333,-72.4167,12.41,94,100,3.14,CL,1681432346
49,klaksvik,62.2266,-6.589,7.51,90,100,7.72,FO,1681432346
50,morro bay,35.3658,-120.8499,20.49,62,0,3.58,US,1681432347
51,kintinku,-5.8833,35.2333,20.31,89,100,0.71,TZ,1681432347
52,yatou,37.15,122.3833,11.85,91,100,3.97,CN,1681432347
53,tasiilaq,65.6145,-37.6368,0.09,89,39,2.23,GL,1681432347
54,staropavlovskaya,43.8489,43.6328,8.64,87,74,2.8,RU,1681432347
55,lagoa,39.05,-27.9833,16.06,84,32,5.03,PT,1681432347
56,isangel,-19.55,169.2667,29.15,72,100,4.6,VU,1681432347
57,ayame,5.6083,-3.1563,24.66,94,100,0.94,CI,1681432347
58,salinas,36.6777,-121.6555,19.33,62,0,6.17,US,1681432209
59,rikitea,-23.1203,-134.9692,22.93,90,100,7.52,PF,1681432348
60,geraldton,-28.7667,114.6,19.23,45,40,9.77,AU,1681432276
61,longyearbyen,78.2186,15.6401,-0.09,74,75,2.57,SJ,1681432348
62,sauce,-34.6469,-56.0628,16.35,56,23,0.33,UY,1681432348
63,pingshan,22.9938,114.7131,24.29,78,100,1.42,CN,1681432348
64,yulara,-25.2406,130.9889,28.24,41,100,10.27,AU,1681432348
65,tuktoyaktuk,69.4541,-133.0374,-19.0,71,75,2.57,CA,1681432349
66,kudahuvadhoo,2.6708,72.8944,28.05,71,13,0.81,MV,1681432349
67,provideniya,64.3833,-173.3,-10.91,52,0,2.0,RU,1681432349
68,visby,57.6409,18.296,8.23,87,100,4.63,SE,1681432349
69,dudinka,69.4058,86.1778,-27.99,97,33,4.01,RU,1681432349
70,saint-philippe,-21.3585,55.7679,23.77,85,89,0.53,RE,1681432349
71,thyolo,-16.0678,35.1405,16.12,93,18,0.93,MW,1681432350
72,busselton,-33.65,115.3333,14.67,47,89,6.25,AU,1681432350
73,mar del plata,-38.0023,-57.5575,13.38,81,75,2.06,AR,1681432350
74,severo-kurilsk,50.6789,156.125,1.24,96,47,5.74,RU,1681432350
75,seybaplaya,19.65,-90.6667,26.7,71,100,5.35,MX,1681432350
76,mehamn,71.0357,27.8492,0.97,64,21,8.23,NO,1681432351
77,mahebourg,-20.4081,57.7,24.03,94,20,2.06,MU,1681432351
78,souillac,-20.5167,57.5167,22.21,94,20,2.06,MU,1681432334
79,leningradskiy,69.3833,178.4167,-16.12,85,58,2.6,RU,1681432153
80,limon,10.0,-83.0333,27.94,78,75,2.57,CR,1681432353
81,dikson,73.5069,80.5464,-25.39,100,100,3.02,RU,1681432353
82,kodiak,57.79,-152.4072,1.73,80,100,3.09,US,1681432353
83,umea,63.8284,20.2597,-0.04,55,0,4.12,SE,1681432326
84,paamiut,61.994,-49.6678,1.82,73,100,3.45,GL,1681432353
85,new norfolk,-42.7826,147.0587,14.95,52,0,1.5,AU,1681432315
86,fairview,40.8126,-73.999,28.9,29,0,7.2,US,1681432354
87,bukoba,-1.3317,31.8122,20.69,82,100,2.85,TZ,1681432354
88,sistranda,63.7256,8.834,7.98,71,100,16.11,NO,1681432354
89,nurota,40.5614,65.6886,25.61,16,100,6.79,UZ,1681432354
90,maldonado,-34.6667,-54.9167,16.19,69,14,0.59,UY,1681432286
91,todos santos,23.45,-110.2167,19.69,75,100,3.59,MX,1681432355
92,ostrovnoy,68.0531,39.5131,-8.81,79,12,9.69,RU,1681432355
93,thompson,55.7435,-97.8558,6.09,52,75,2.57,CA,1681432355
94,bredasdorp,-34.5322,20.0403,15.7,72,45,6.88,ZA,1681432109
95,avera,33.194,-82.5271,18.73,93,99,4.71,US,1681432355
96,hilo,19.7297,-155.09,24.85,69,20,3.09,US,1681432355
97,castro,-24.7911,-50.0119,16.33,87,97,1.78,BR,1681432355
98,talaya,61.3833,152.75,-13.22,75,33,1.06,RU,1681432355
99,longview,32.5007,-94.7405,23.14,40,0,3.09,US,1681432356
100,rock sound,24.9,-76.2,24.61,84,0,5.42,BS,1681432356
101,touros,-5.1989,-35.4608,25.05,90,78,3.84,BR,1681432356
102,gweta,-20.1833,25.2333,20.73,37,26,4.09,BW,1681432356
103,jamestown,42.097,-79.2353,20.77,42,0,3.09,US,1681432109
104,goderich,43.7501,-81.7165,20.18,37,48,4.63,CA,1681432356
105,vestmannaeyjar,63.4427,-20.2734,6.6,74,99,0.82,IS,1681432356
106,atuona,-9.8,-139.0333,26.79,70,63,2.31,PF,1681432357
107,rawson,-43.3002,-65.1023,9.45,59,0,3.12,AR,1681432357
108,aklavik,68.2191,-135.0107,-16.52,83,100,4.39,CA,1681432357
109,upernavik,72.7868,-56.1549,-10.73,93,100,2.64,GL,1681432357
110,kresttsy,58.2452,32.5165,2.14,66,100,5.39,RU,1681432357
111,kismayo,-0.3582,42.5454,27.41,74,100,4.11,SO,1681432357
112,lazaro cardenas,17.9583,-102.2,26.36,61,0,3.98,MX,1681432357
113,calvinia,-31.4707,19.776,9.84,93,19,2.48,ZA,1681432358
114,nanortalik,60.1432,-45.2371,1.33,80,99,1.66,GL,1681432358
115,grindavik,63.8424,-22.4338,4.26,93,75,4.12,IS,1681432358
116,nikolskoye,59.7035,30.7861,1.94,79,96,4.44,RU,1681432358
117,harper,4.375,-7.7169,26.9,85,95,1.79,LR,1681432359
118,sorong,-0.8833,131.25,29.09,73,3,3.48,ID,1681432359
119,ebeltoft,56.1944,10.6821,5.35,93,99,1.03,DK,1681432359
120,talnakh,69.4865,88.3972,-28.22,94,100,3.01,RU,1681432359
121,broken hill,-31.95,141.4333,19.56,48,7,4.44,AU,1681432359
122,tuatapere,-46.1333,167.6833,16.69,63,0,2.12,NZ,1681432359
123,ancud,-41.8697,-73.8203,10.22,80,100,1.59,CL,1681432359
124,barrow,71.2906,-156.7887,-17.99,71,0,6.69,US,1681432296
125,richards bay,-28.783,32.0377,21.01,88,83,2.65,ZA,1681432316
126,safranbolu,41.2508,32.6942,4.24,90,1,0.81,TR,1681432360
127,san rafael,-34.6177,-68.3301,10.45,65,4,2.5,AR,1681432360
128,abashiri,44.0213,144.2697,12.16,40,20,1.03,JP,1681432360
129,ures,29.4333,-110.4,24.29,24,0,9.24,MX,1681432360
130,fairbanks,64.8378,-147.7164,-3.84,56,75,0.0,US,1681432065
131,aras,42.5617,-2.356,8.23,66,100,0.51,ES,1681432360
132,lebu,-37.6167,-73.65,13.22,94,100,0.67,CL,1681432360
133,yar-sale,66.8333,70.8333,-23.42,87,5,4.95,RU,1681432361
134,pevek,69.7008,170.3133,-16.11,88,99,1.38,RU,1681432361
135,srednekolymsk,67.45,153.6833,-6.68,77,17,4.66,RU,1681432361
136,kokkola,63.8385,23.1307,-0.91,60,0,3.6,FI,1681432361
137,hambantota,6.1241,81.1185,25.19,100,20,1.03,LK,1681432361
138,bonthe,7.5264,-12.505,26.19,85,14,2.2,SL,1681432362
139,saldanha,-33.0117,17.9442,14.03,86,0,5.16,ZA,1681432362
140,torbay,47.6666,-52.7314,1.99,93,100,3.6,CA,1681432322
141,mataura,-46.1927,168.8643,17.03,61,0,3.9,NZ,1681432362
142,zheleznodorozhnyy,55.7503,38.0042,5.2,59,40,6.7,RU,1681432362
143,mgandu,-5.95,34.1333,15.41,98,99,1.94,TZ,1681432362
144,chara,56.9064,118.2631,-6.19,90,100,0.65,RU,1681432336
145,biograd na moru,43.9433,15.4519,9.86,81,100,0.76,HR,1681432363
146,vostok,46.4856,135.8833,0.34,76,100,2.24,RU,1681432363
147,lasa,46.6166,10.7002,3.16,94,100,3.7,IT,1681432363
148,salalah,17.0151,54.0924,26.5,76,1,1.44,OM,1681432363
149,nelson bay,-32.7167,152.15,22.28,73,0,4.47,AU,1681432363
150,bocholt,51.8333,6.6,6.66,60,10,2.02,DE,1681432363
151,usevya,-7.1,31.2333,18.46,98,97,0.17,TZ,1681432363
152,charters towers,-20.1,146.2667,30.39,16,12,2.86,AU,1681432364
153,south burlington,44.467,-73.171,26.99,43,0,5.66,US,1681432364
154,vila velha,-20.3297,-40.2925,25.97,93,75,2.57,BR,1681432364
155,champerico,14.3,-91.9167,29.3,65,100,2.78,GT,1681432364
156,faanui,-16.4833,-151.75,27.52,71,5,2.82,PF,1681432364
157,valparaiso,-33.0393,-71.6273,17.78,62,0,2.06,CL,1681432180
158,kefamenanu,-9.4467,124.4781,26.77,74,13,2.08,ID,1681432364
159,uarini,-2.99,-65.1083,25.67,81,100,0.89,BR,1681432364
160,chiang khong,20.2613,100.4046,29.02,30,0,0.08,TH,1681432365
161,marawi,7.9986,124.2928,26.59,68,25,0.38,PH,1681432365
162,yerbogachen,61.2767,108.0108,-3.64,79,100,6.31,RU,1681432365
163,khandyga,62.6667,135.6,-2.71,91,100,1.04,RU,1681432365
164,taicheng,38.731,113.228,11.29,17,100,3.9,CN,1681432365
165,pitimbu,-7.4706,-34.8086,25.33,74,100,2.32,BR,1681432365
166,egvekinot,66.3167,-179.1667,-16.08,70,5,2.41,RU,1681432365
167,litovko,49.2361,135.1742,1.56,36,100,1.36,RU,1681432366
168,avarua,-21.2078,-159.775,28.03,61,20,2.57,CK,1681432366
169,sitka,57.0531,-135.33,5.94,70,75,5.14,US,1681432366
170,kahului,20.8947,-156.47,28.01,60,40,4.63,US,1681432366
171,tahoua,14.8888,5.2692,29.99,20,94,0.0,NE,1681432366
172,vardo,70.3705,31.1107,-2.01,64,37,13.38,NO,1681432367
173,beloha,-25.1667,45.05,19.52,97,6,2.51,MG,1681432367
174,bambous virieux,-20.3428,57.7575,24.01,94,20,2.06,MU,1681432313
175,plouzane,48.3833,-4.6167,9.03,87,100,5.14,FR,1681432367
176,mount gambier,-37.8333,140.7667,19.65,58,50,4.62,AU,1681432313
177,petropavlovsk-kamchatskiy,53.0452,158.6483,3.33,70,75,1.0,RU,1681432264
178,mount isa,-20.7333,139.5,29.87,19,99,4.12,AU,1681432367
179,bojkovice,49.0386,17.8149,8.25,97,100,2.68,CZ,1681432367
180,corrente,-3.7367,-43.3394,23.08,92,96,1.25,BR,1681432367
181,cidreira,-30.1811,-50.2056,19.21,83,100,4.37,BR,1681432368
182,carnarvon,-24.8667,113.6333,20.39,62,99,13.15,AU,1681432331
183,chokurdakh,70.6333,147.9167,-10.97,82,100,3.37,RU,1681432324
184,yelizovo,53.1873,158.3805,4.08,69,75,1.0,RU,1681432368
185,bojnurd,37.4747,57.329,11.97,76,0,2.06,IR,1681432368
186,morondava,-20.2833,44.2833,23.49,84,0,2.35,MG,1681432368
187,sechura,-5.5569,-80.8222,27.91,70,100,4.42,PE,1681432368
188,sao jose da coroa grande,-8.8978,-35.1478,24.92,74,100,1.57,BR,1681432368
189,lircay,-12.9896,-74.7205,10.52,80,95,0.81,PE,1681432368
190,port elizabeth,-33.918,25.5701,17.4,67,0,7.2,ZA,1681432292
191,kaduqli,11.0167,29.7167,26.05,14,82,3.33,SD,1681432369
192,mount pleasant,32.7941,-79.8626,21.08,98,100,2.24,US,1681432200
193,hobart,-42.8794,147.3294,15.14,72,75,2.57,AU,1681432369
194,padang,-0.9492,100.3543,25.03,82,97,0.64,ID,1681432369
195,nabire,-3.3667,135.4833,28.97,70,99,0.45,ID,1681432369
196,hasaki,35.7333,140.8333,21.27,66,61,9.17,JP,1681432369
197,chuy,-33.6971,-53.4616,13.31,71,5,3.95,UY,1681432370
198,sinnamary,5.3833,-52.95,25.23,89,100,3.75,GF,1681432370
199,lishui,28.4604,119.9103,21.47,88,98,1.27,CN,1681432370
200,marzuq,14.4,46.4667,21.47,74,80,2.94,YE,1681432370
201,perry,37.2506,-83.1999,27.1,60,100,2.19,US,1681432370
202,merauke,-8.4667,140.3333,28.95,72,95,0.77,ID,1681432370
203,bitung,1.4451,125.1824,28.47,68,24,2.69,ID,1681432370
204,nome,64.5011,-165.4064,-12.69,72,0,2.06,US,1681432360
205,kajaani,64.2273,27.7285,-4.97,58,0,5.14,FI,1681432371
206,kutum,14.2,24.6667,19.32,17,24,4.02,SD,1681432371
207,samarai,-10.6167,150.6667,28.48,68,100,5.3,PG,1681432371
208,clyde river,70.4692,-68.5914,-13.87,61,0,7.2,CA,1681432371
209,bilibino,68.0546,166.4372,-14.95,80,74,0.87,RU,1681432293
210,ordu,40.9086,37.6845,0.28,87,7,2.63,TR,1681432371
211,haines junction,60.7522,-137.5108,2.97,44,100,2.57,CA,1681432371
212,yen bai,21.7,104.8667,24.8,95,100,1.11,VN,1681432371
213,muros,42.7762,-9.0603,12.27,91,100,7.67,ES,1681432372
214,eravur,7.7733,81.6095,25.8,88,8,1.26,LK,1681432372
215,berlevag,70.8578,29.0864,1.0,64,22,9.26,NO,1681432372
216,taoudenni,22.6783,-3.9836,27.61,8,55,2.79,ML,1681432343
217,mafinga,-7.25,35.0667,18.19,95,100,1.18,TZ,1681432372
218,trairi,-3.2778,-39.2689,24.95,85,94,3.27,BR,1681432160
219,hami,42.8,93.45,11.47,41,71,2.07,CN,1681432372
220,bairiki,1.3292,172.9752,30.0,74,20,5.14,KI,1681432373
221,oktyabrskoye,43.0645,44.7417,4.08,93,98,3.0,RU,1681432373
222,langsa,4.4683,97.9683,26.96,78,100,0.96,ID,1681432373
223,adwa,14.1646,38.8955,18.34,65,8,2.91,ET,1681432373
224,alta floresta,-9.8756,-56.0861,22.43,95,100,0.76,BR,1681432373
225,omsukchan,62.5333,155.8,-10.38,75,10,1.89,RU,1681432374
226,phuket,8.0,98.25,28.12,83,20,2.06,TH,1681432374
227,dunedin,-45.8742,170.5036,13.78,73,100,3.58,NZ,1681432221
228,jiangyou,31.7667,104.7167,21.53,59,4,0.57,CN,1681432374
229,kavaratti,10.5669,72.642,28.38,74,100,2.32,IN,1681432375
230,kavieng,-2.5744,150.7967,29.12,75,32,6.38,PG,1681432375
231,aykhal,66.0,111.5,-7.36,88,96,7.45,RU,1681432376
232,cairns,-16.9167,145.7667,33.95,63,98,4.63,AU,1681432312
233,kargala,56.6208,83.9607,-6.63,92,100,4.88,RU,1681432376
234,nanakuli,21.3906,-158.1547,28.97,49,75,8.23,US,1681432376
235,kongolo,-5.3833,27.0,21.37,97,100,0.82,CD,1681432376
236,arica,-18.475,-70.3042,22.75,73,0,1.54,CL,1681431914
237,alexandria,31.2156,29.9553,15.34,77,4,2.41,EG,1681432231
238,qaanaaq,77.484,-69.3632,-15.3,78,1,1.85,GL,1681432299
239,rabo de peixe,37.8,-25.5833,15.73,88,20,3.09,PT,1681432377
240,santa barbara,34.7333,-120.0343,14.63,46,0,4.63,US,1681432377
241,luderitz,-26.6481,15.1594,16.06,67,7,7.56,NA,1681432377
242,belmonte,-15.8631,-38.8828,25.18,83,36,3.21,BR,1681432288
243,saint george,37.1041,-113.5841,22.46,21,0,9.77,US,1681432377
244,taltal,-25.4,-70.4833,19.62,72,0,1.82,CL,1681432224
245,vetlanda,57.4289,15.0776,6.14,98,100,1.82,SE,1681432377
246,opuwo,-18.0607,13.84,20.86,34,37,0.96,NA,1681432378
247,shalakusha,62.2247,40.2539,-8.51,90,7,2.35,RU,1681432378
248,padre paraiso,-17.0742,-41.4844,20.27,86,22,0.7,BR,1681432378
249,kruisfontein,-34.0033,24.7314,13.82,65,0,9.93,ZA,1681432378
250,banda aceh,5.5577,95.3222,27.88,77,18,3.15,ID,1681432378
251,lamar,33.6668,-95.5836,22.95,50,0,4.12,US,1681432378
252,ust-kuyga,70.0167,135.6,-7.45,84,98,2.55,RU,1681432378
253,conway,35.0887,-92.4421,22.99,43,90,0.0,US,1681432083
254,plavsk,53.7094,37.2919,6.26,62,100,9.14,RU,1681432379
255,bamako,12.65,-8.0,28.23,26,0,2.57,ML,1681432379
256,ilulissat,69.2167,-51.1,-3.99,100,100,0.0,GL,1681432333
257,pisco,-13.7,-76.2167,24.03,73,58,8.23,PE,1681432379
258,evensk,61.95,159.2333,-5.94,67,2,6.79,RU,1681432379
259,arkhangelsk,64.5401,40.5433,-13.94,71,0,1.0,RU,1681432332
260,oriximina,-1.7656,-55.8661,24.08,94,100,1.52,BR,1681432377
261,poum,-20.2333,164.0167,26.05,80,100,4.92,NC,1681432380
262,sabang,5.8933,95.3214,28.31,75,30,4.51,ID,1681432380
263,fortuna,40.5982,-124.1573,12.18,69,4,1.79,US,1681432380
264,sao filipe,14.8961,-24.4956,22.81,82,80,1.96,CV,1681432380
265,bandarbeyla,9.4942,50.8122,27.91,77,44,3.21,SO,1681432381
266,prieska,-29.6641,22.7474,14.57,57,100,5.66,ZA,1681432381
267,shumskiy,54.8318,99.1328,2.35,51,100,1.46,RU,1681432381
268,prykolotne,50.1604,37.3474,7.19,93,100,5.13,UA,1681432381
269,meulaboh,4.1363,96.1285,25.97,86,98,1.36,ID,1681432381
270,mayo,38.8876,-76.5119,26.16,54,0,3.6,US,1681432381
271,cherskiy,68.75,161.3,-13.57,81,10,2.7,RU,1681432382
272,ponta do sol,32.6667,-17.1,18.73,78,82,4.02,PT,1681432382
273,bucerias,20.75,-105.3333,25.55,65,20,4.63,MX,1681432382
274,tuku,23.6778,120.3926,26.19,66,15,1.87,TW,1681432382
275,airai,-8.9266,125.4092,21.66,71,6,1.08,TL,1681432382
276,esperance,-33.8667,121.9,14.06,69,34,13.83,AU,1681432383
277,fort morgan,40.2503,-103.8,24.36,22,0,6.69,US,1681432377
278,tomatlan,19.9333,-105.25,25.18,39,7,2.9,MX,1681432383
279,shu,43.5983,73.7614,14.33,43,100,4.9,KZ,1681432383
280,shitanjing,39.2342,106.3439,7.9,24,16,7.7,CN,1681432383
281,north platte,41.1239,-100.7654,28.94,23,40,15.43,US,1681432386
282,makakilo city,21.3469,-158.0858,28.18,56,75,8.23,US,1681432386
283,sumbawanga,-7.9667,31.6167,14.74,95,100,0.99,TZ,1681432386
284,cockburn town,21.4612,-71.1419,25.92,77,13,7.64,TC,1681432386
285,port-gentil,-0.7193,8.7815,27.41,79,100,1.13,GA,1681432386
286,brownsville,25.9018,-97.4975,25.05,67,0,6.17,US,1681432386
287,comiso,36.9513,14.6102,14.12,87,40,1.03,IT,1681432386
288,lavrentiya,65.5833,-171.0,-13.81,72,5,4.14,RU,1681432386
289,ati,13.2154,18.3353,27.97,14,34,5.26,TD,1681432387
290,garissa,-0.4536,39.6401,25.85,79,100,3.41,KE,1681432387
291,honiara,-9.4333,159.95,30.58,66,94,1.53,SB,1681432387
292,black diamond,47.3087,-122.0032,10.94,57,100,1.79,US,1681432247
293,qurayyat,31.3318,37.3428,8.1,81,0,2.06,SA,1681432119
294,ketchikan,55.3422,-131.6461,6.99,81,75,2.57,US,1681432203
295,kpandae,8.4689,-0.0113,26.02,75,100,1.85,GH,1681432387
296,inuvik,68.3499,-133.7218,-16.52,63,75,2.57,CA,1681432388
297,antonio escobedo,20.8,-104.0167,23.14,17,0,3.74,MX,1681432388
298,narsaq,60.9167,-46.05,7.12,72,100,3.93,GL,1681432388
299,chumikan,54.7183,135.315,-2.82,80,100,3.5,RU,1681432389
300,yuci,37.6803,112.7319,11.86,32,100,1.0,CN,1681432389
301,vanimo,-2.6741,141.3028,30.15,67,44,2.88,PG,1681432389
302,kloulklubed,7.0419,134.2556,29.28,76,17,5.57,PW,1681432389
303,deputatskiy,69.3,139.9,-11.99,85,100,1.26,RU,1681432390
304,bilma,18.6853,12.9164,24.24,10,10,2.33,NE,1681432390
305,sembe,1.6481,14.5806,21.53,98,95,0.45,CG,1681432390
306,mineiros,-17.5694,-52.5511,21.04,88,100,0.42,BR,1681432390
307,barra do bugres,-15.0725,-57.1811,23.43,93,100,0.08,BR,1681432390
308,anchorage,61.2181,-149.9003,4.49,76,100,3.09,US,1681432136
309,namibe,-15.1961,12.1522,22.85,71,1,1.93,AO,1681432391
310,cabo san lucas,22.8909,-109.9124,30.61,64,20,7.72,MX,1681431996
311,catuday,16.2923,119.8062,27.19,78,100,5.17,PH,1681432391
312,katsuura,35.1333,140.3,18.43,69,100,8.36,JP,1681432391
313,sola,-13.8833,167.55,27.11,73,100,1.1,VU,1681432391
314,nizhniy kuranakh,58.8353,125.4869,-2.66,95,97,1.29,RU,1681432391
315,nemuro,43.3236,145.575,6.64,75,1,5.57,JP,1681432392
316,outjo,-20.1167,16.15,21.52,26,95,2.22,NA,1681432392
317,kenai,60.5544,-151.2583,3.05,86,100,5.14,US,1681432392
318,molteno,-31.3968,26.3625,8.55,51,62,1.83,ZA,1681432392
319,harwich,51.9419,1.2844,6.11,80,11,1.34,GB,1681432168
320,somoto,13.4808,-86.5821,25.66,35,100,2.43,NI,1681432392
321,tiksi,71.6872,128.8694,-7.75,76,100,1.22,RU,1681432393
322,budakeszi,47.5108,18.9272,11.35,71,100,6.72,HU,1681432393
323,redmond,47.674,-122.1215,12.1,65,100,3.13,US,1681432393
324,necochea,-38.5473,-58.7368,12.32,59,100,5.15,AR,1681432393
325,hobyo,5.3505,48.5268,28.34,74,100,4.5,SO,1681432393
326,lengshuitan,26.4111,111.5956,24.37,85,77,1.3,CN,1681432393
327,codrington,-38.2667,141.9667,20.52,57,0,3.86,AU,1681432393
328,male,4.1748,73.5089,28.97,74,20,3.6,MV,1681432248
329,jeronimo monteiro,-20.7894,-41.395,22.31,93,68,0.96,BR,1681432393
330,henties bay,-22.116,14.2845,14.11,86,0,1.71,NA,1681432394
331,junnar,19.2,73.8833,25.52,40,88,0.92,IN,1681432394
332,los llanos de aridane,28.6585,-17.9182,17.86,92,100,6.17,ES,1681432394
333,japura,-0.3167,102.35,25.24,94,61,1.57,ID,1681432394
334,yeppoon,-23.1333,150.7333,25.88,36,0,2.37,AU,1681432394
335,hervey bay,-25.2986,152.8535,26.12,52,0,0.56,AU,1681432395
336,saint-pierre,-21.3393,55.4781,24.2,78,0,2.06,RE,1681432395
337,butaritari,3.0707,172.7902,27.15,81,66,4.53,KI,1681432322
338,rodrigues alves,-7.738,-72.6509,23.56,98,100,0.64,BR,1681432395
339,port hardy,50.6996,-127.4199,9.0,71,75,3.09,CA,1681432395
340,mahajanga,-15.7167,46.3167,24.01,100,20,3.09,MG,1681432395
341,manzanillo,20.3433,-77.1167,25.81,75,32,1.27,CU,1681432395
342,the valley,18.217,-63.0578,26.01,77,50,7.23,AI,1681432396
343,boa vista,2.8197,-60.6733,29.99,58,0,4.12,BR,1681432396
344,maceio,-9.6658,-35.7353,23.69,88,0,1.54,BR,1681432396
345,sandnessjoen,66.0217,12.6316,4.8,55,100,0.89,NO,1681432396
346,moose factory,51.2585,-80.6094,1.0,74,100,4.63,CA,1681432396
347,sohag,26.557,31.6948,18.62,25,6,2.02,EG,1681432124
348,sur,22.5667,59.5289,28.71,51,84,2.53,OM,1681432327
349,saint anthony,45.0205,-93.218,28.96,20,0,9.77,US,1681432397
350,east london,-33.0153,27.9116,17.57,68,50,5.9,ZA,1681432398
351,armilla,37.141,-3.6185,11.19,39,0,2.06,ES,1681432398
352,villa constitucion,-33.2278,-60.3297,16.6,42,98,2.21,AR,1681432398
353,san andres,12.5847,-81.7006,28.01,74,20,6.17,CO,1681432368
354,asau,46.4333,26.4,3.51,81,6,1.25,RO,1681432398
355,shambu,9.5667,37.1,11.56,78,49,1.62,ET,1681432399
356,tuni,17.35,82.55,27.69,54,71,2.49,IN,1681432399
357,havre-saint-pierre,50.2334,-63.5986,1.2,86,100,3.09,CA,1681432399
358,korla,41.7597,86.1469,11.07,44,15,2.34,CN,1681432399
359,olafsvik,64.8945,-23.7142,4.29,71,93,2.68,IS,1681432399
360,san pedro del parana,-26.8333,-56.2,19.17,99,100,1.94,PY,1681432400
361,molochnoye,59.2917,39.6787,-4.0,65,6,5.74,RU,1681432400
362,adrar,20.5022,-10.0711,26.52,36,95,1.84,MR,1681432400
363,banyo,6.75,11.8167,21.77,62,89,1.53,CM,1681432400
364,kaeo,-35.1,173.7833,22.96,84,100,5.54,NZ,1681432401
365,yarada,17.65,83.2667,28.87,62,32,3.87,IN,1681432401
366,saint-louis,16.3333,-15.0,32.8,36,100,5.8,SN,1681432401
367,kirakira,-10.4544,161.9205,28.82,74,100,2.81,SB,1681432401
368,labuhan,-6.8844,112.2051,27.11,79,100,4.23,ID,1681432401
369,matagami,49.7502,-77.6328,3.06,70,75,6.69,CA,1681432402
370,plettenberg bay,-34.0527,23.3716,15.37,78,33,8.18,ZA,1681432402
371,broome,42.2506,-75.833,20.76,55,13,1.29,US,1681432402
372,gravdal,68.1214,13.5031,5.94,61,0,5.14,NO,1681432402
373,hithadhoo,-0.6,73.0833,28.62,69,55,3.23,MV,1681432402
374,maloy,61.9353,5.1136,9.85,73,99,4.05,NO,1681432402
375,maracacume,-2.0428,-45.9592,23.36,98,73,1.36,BR,1681432402
376,teguldet,57.3064,88.1667,-4.79,91,100,3.57,RU,1681432403
377,flin flon,54.7682,-101.865,2.13,94,100,0.5,CA,1681432349
378,tabou,4.423,-7.3528,26.58,87,65,1.27,CI,1681432403
379,craig,40.5153,-107.5464,12.97,30,75,5.66,US,1681432403
380,grand gaube,-20.0064,57.6608,24.1,88,1,1.12,MU,1681432403
381,breves,-1.6822,-50.4803,23.96,96,100,1.0,BR,1681432403
382,smidovich,48.6,133.8167,1.68,53,87,0.51,RU,1681432404
383,muravlenko,63.7898,74.523,-22.71,97,19,6.7,RU,1681432404
384,novoagansk,61.9449,76.6625,-21.54,95,21,4.11,RU,1681432404
385,vao,-22.6667,167.4833,24.71,85,100,5.59,NC,1681432404
386,keti bandar,24.1447,67.4497,25.46,80,0,5.8,PK,1681432404
387,bontang,0.1333,117.5,26.15,87,100,1.44,ID,1681432141
388,ulaanbaatar,47.9077,106.8832,-6.93,68,0,0.0,MN,1681432135
389,cap-aux-meules,47.3821,-61.8597,4.03,75,75,6.69,CA,1681432405
390,sao lourenco do sul,-31.3653,-51.9783,16.76,67,67,4.09,BR,1681432405
391,kupang,-10.1667,123.5833,28.32,78,20,1.54,ID,1681432184
392,port hedland,-20.3167,118.5667,28.03,78,100,4.63,AU,1681432405
393,west wendover,40.7391,-114.0733,8.56,20,0,6.17,US,1681432405
394,teahupoo,-17.8333,-149.2667,26.98,66,36,3.93,PF,1681432405
395,chihuahua,28.5,-106.0,26.46,19,88,11.8,MX,1681431806
396,hare bay,48.8499,-54.0148,0.78,97,100,1.15,CA,1681432406
397,rio gallegos,-51.6226,-69.2181,5.03,75,0,4.12,AR,1681432300
398,balotra,25.8333,72.2333,26.12,42,0,4.41,IN,1681432406
399,meiganga,6.5167,14.3,22.45,71,100,1.28,CM,1681432406
400,den helder,52.9599,4.7593,8.31,92,0,5.81,NL,1681432261
401,muskegon,43.3,-86.1334,22.92,38,40,3.09,US,1681432174
402,san patricio,28.017,-97.5169,23.92,60,97,5.42,US,1681432294
403,fremont,37.5483,-121.9886,19.97,53,0,7.72,US,1681431902
404,gambela,8.25,34.5833,26.66,62,100,0.3,ET,1681432407
405,bargarh,21.3333,83.6167,29.25,23,25,0.83,IN,1681432407
406,sept-iles,50.2001,-66.3821,5.24,65,75,2.06,CA,1681432225
407,san ramon,37.7799,-121.978,19.6,44,0,7.2,US,1681432210
408,lagos,6.5833,3.75,28.18,89,91,1.86,NG,1681431601
409,lengshuijiang,27.6881,111.4294,21.88,90,100,2.09,CN,1681432407
410,siocon,7.7061,122.1353,29.66,61,97,0.72,PH,1681432411
411,bathsheba,13.2167,-59.5167,26.34,73,20,5.14,BB,1681432411
412,gloversville,43.0528,-74.3438,23.99,49,0,3.6,US,1681432112
413,taruma,-22.7467,-50.5772,21.04,92,100,1.41,BR,1681432411
414,galveston,29.3669,-94.9669,23.06,71,0,5.66,US,1681432269
415,kumluca,36.3703,30.2869,14.0,59,0,2.37,TR,1681432411
416,kigorobya,1.6162,31.3089,20.35,84,100,1.46,UG,1681432412
417,skjervoy,70.0311,20.9714,2.0,68,0,5.53,NO,1681432412
418,union,40.6334,-74.2663,29.28,31,0,6.69,US,1681432222
419,shingu,33.7333,135.9833,19.11,51,100,2.48,JP,1681432412
420,dingle,10.9995,122.6711,29.59,65,81,1.53,PH,1681432412
421,najran,17.4924,44.1277,21.36,52,7,1.12,SA,1681432412
422,tornio,65.8481,24.1466,-5.99,94,26,3.08,FI,1681432412
423,madang,-5.2246,145.7966,30.57,65,98,2.77,PG,1681432412
424,sanwer,22.9833,75.8333,24.36,34,100,3.1,IN,1681432412
425,lumeje,-11.55,20.7833,17.46,93,25,1.94,AO,1681432413
426,barra do corda,-5.5,-45.25,22.66,93,100,0.7,BR,1681432413
427,erzin,36.9559,36.2,11.16,80,11,1.59,TR,1681432413
428,jyvaskyla,62.2415,25.7209,-1.81,65,0,3.09,FI,1681432413
429,sao borja,-28.6606,-56.0044,17.75,83,100,5.31,BR,1681432413
430,norman wells,65.282,-126.8329,-8.98,79,100,4.63,CA,1681432413
431,bend,44.0582,-121.3153,8.6,34,40,6.17,US,1681432252
432,tazovskiy,67.4667,78.7,-20.44,96,100,7.17,RU,1681432333
433,bafilo,9.35,1.2667,24.43,68,100,0.64,TG,1681432413
434,monterey,36.2505,-121.2516,12.73,39,0,5.59,US,1681432414
435,aleksandrovskoye,44.7142,43.0008,7.51,76,100,9.87,RU,1681432414
436,westport,41.1415,-73.3579,28.81,44,0,3.09,US,1681432252
437,aconibe,1.2968,10.9369,20.39,98,100,0.63,GQ,1681432414
438,blackwater,-23.5833,148.8833,26.97,22,0,1.06,AU,1681432414
439,seoul,37.5683,126.9778,14.76,59,100,3.09,KR,1681432130
440,nouadhibou,20.931,-17.0347,21.99,83,40,2.06,MR,1681432415
441,ronne,55.1009,14.7066,3.95,93,75,3.09,DK,1681432415
442,thinadhoo,0.5333,72.9333,28.02,75,48,3.44,MV,1681432415
443,pali,25.7667,73.3333,25.34,34,4,3.29,IN,1681432415
444,barda,40.3744,47.1267,12.34,51,100,7.93,AZ,1681432415
445,anadyr,64.75,177.4833,-19.72,84,0,5.0,RU,1681432321
446,kishtwar,33.3167,75.7667,10.79,45,84,2.92,IN,1681432415
447,gat,31.61,34.7642,11.89,100,0,1.57,IL,1681432415
448,karasjok,69.4719,25.5112,-0.08,80,100,8.25,NO,1681432416
449,thunder bay,48.4001,-89.3168,7.99,70,75,3.6,CA,1681432324
450,sao raimundo das mangabeiras,-7.0219,-45.4811,24.59,76,100,1.53,BR,1681432416
451,krasnoselkup,65.7,82.4667,-18.53,95,99,6.09,RU,1681432416
452,teruel,40.6667,-0.6667,2.42,72,41,6.5,ES,1681432416
453,voyvozh,62.892,54.9635,-23.32,100,65,1.33,RU,1681432416
454,sambava,-14.2667,50.1667,23.17,92,11,2.11,MG,1681432416
455,brazzaville,-4.2658,15.2832,24.09,82,0,0.61,CG,1681432416
456,komsomolskiy,40.4272,71.7189,13.4,82,7,1.03,UZ,1681432416
457,svetlogorsk,52.6333,29.7333,7.7,87,100,4.2,BY,1681432417
458,chiredzi,-21.05,31.6667,17.05,83,0,1.69,ZW,1681432417
459,bom jesus,-9.0744,-44.3586,25.89,52,100,0.51,BR,1681432417
460,lethem,3.3803,-59.7968,29.79,52,92,4.88,GY,1681432417
461,saint-francois,46.4154,3.9054,5.69,87,100,1.54,FR,1681432417
462,kiunga,-6.1219,141.2906,31.99,56,14,0.52,PG,1681432417
463,lupiro,-8.3833,36.6667,21.9,97,100,0.89,TZ,1681432417
464,belaya gora,68.5333,146.4167,-9.94,81,26,1.63,RU,1681432418
465,mareeba,-17.0,145.4333,31.38,69,57,2.49,AU,1681432418
466,verkhnyaya sysert,56.4372,60.75,-6.47,67,55,4.79,RU,1681432418
467,carberry,49.8689,-99.3602,5.13,78,100,7.91,CA,1681432418
468,vila franca do campo,37.7167,-25.4333,16.23,91,73,3.03,PT,1681432418
469,ugoofaaru,5.6667,73.0,28.23,74,52,1.42,MV,1681432418
470,qaqortoq,60.7167,-46.0333,0.6,75,100,3.38,GL,1681432368
471,anna,51.4842,40.4299,7.21,89,100,10.42,RU,1681432419
472,mhango,-3.2833,32.85,17.61,94,100,1.08,TZ,1681432419
473,gorom-gorom,14.4439,-0.2361,30.54,15,100,3.49,BF,1681432419
474,santa maria,-29.6842,-53.8069,16.61,94,100,1.54,BR,1681432419
475,haysville,37.5645,-97.3523,26.12,27,0,9.77,US,1681432419
476,taunggyi,20.7833,97.0333,23.51,33,0,0.49,MM,1681432419
477,sibolga,1.7427,98.7792,26.04,87,99,0.47,ID,1681432419
478,bogorodskoye,56.55,37.8833,0.52,64,30,6.66,RU,1681432420
479,bozdar,27.1828,68.636,28.1,25,0,1.92,PK,1681432420
480,acapulco,16.8634,-99.8901,29.9,62,0,3.6,MX,1681432251
481,santa clara,22.4,-79.9667,26.81,69,40,1.54,CU,1681432154
482,caravelas,-17.7125,-39.2481,24.19,90,14,2.2,BR,1681432368
483,tarija,-21.5355,-64.7296,14.91,95,100,2.26,BO,1681432420
484,lamu,-2.2717,40.902,28.12,83,98,3.35,KE,1681432420
485,tsiroanomandidy,-18.7667,46.0333,17.57,94,95,0.56,MG,1681432421
486,edd,13.9297,41.6925,26.73,84,76,2.5,ER,1681432421
487,gravelbourg,49.8834,-106.5512,0.15,99,100,4.21,CA,1681432421
488,chapada dos guimaraes,-15.4606,-55.7497,24.81,84,100,1.38,BR,1681432421
489,matnog,12.5878,124.0875,27.95,74,28,1.13,PH,1681432422
490,irece,-11.3042,-41.8558,21.65,49,90,4.14,BR,1681432422
491,vero beach,27.6386,-80.3973,25.02,70,100,6.69,US,1681432359
492,birao,10.2849,22.7882,28.16,29,99,3.14,CF,1681432422
493,pacific grove,36.6177,-121.9166,17.53,72,0,5.66,US,1681432342
494,sembakung,3.8167,117.25,26.81,90,88,0.5,ID,1681432422
495,north bend,43.4065,-124.2243,12.91,65,100,4.12,US,1681432222
496,luena,-11.7833,19.9167,15.94,96,70,1.54,AO,1681432423
497,agbor,6.2518,6.1934,24.8,94,67,1.74,NG,1681432423
498,fort smith,35.3859,-94.3986,26.02,40,0,3.09,US,1681432251
499,miraflores,19.2167,-98.8083,22.79,50,75,1.42,MX,1681432423
500,mudon,16.2578,97.7164,28.74,69,68,1.99,MM,1681432423
501,jalu,29.0331,21.5482,18.88,17,5,4.24,LY,1681432423
502,kalanganan,8.0833,124.2467,27.27,68,40,0.58,PH,1681432423
503,alice springs,-23.7,133.8833,27.75,24,92,5.14,AU,1681432262
504,lerwick,60.1545,-1.1494,6.0,86,89,7.76,GB,1681432423
505,artyom,40.4723,50.333,13.08,81,99,6.4,AZ,1681432424
506,mitsamiouli,-11.3847,43.2844,27.24,76,29,3.36,KM,1681432424
507,gubskaya,44.3164,40.6358,3.97,87,75,2.6,RU,1681432424
508,praya,14.9215,-23.5087,23.3,78,24,5.14,CV,1681432424
509,cedar city,37.6775,-113.0619,11.54,37,100,5.66,US,1681432424
510,mbanza-ngungu,-5.25,14.8667,19.84,94,7,0.52,CD,1681432424
511,conceicao do araguaia,-8.2578,-49.2647,23.45,90,100,0.94,BR,1681432424
512,sovetskaya gavan,48.9723,140.2878,1.84,50,98,2.63,RU,1681432424
513,ouesso,1.6136,16.0517,21.78,98,99,0.83,CG,1681432425
514,nuuk,64.1835,-51.7216,3.34,65,100,1.54,GL,1681432425
515,kununurra,-15.7667,128.7333,25.99,89,73,2.06,AU,1681432425
516,labuan,5.2767,115.2417,27.2,83,40,1.03,MY,1681432425
517,bud,39.447,-86.1758,24.01,40,7,2.67,US,1681432425
518,sapulpa,35.9987,-96.1142,24.82,33,0,4.12,US,1681432362
519,smithers,54.7804,-127.1743,7.18,49,75,5.14,CA,1681432220
520,balkhash,46.844,74.9804,8.34,57,0,6.0,KZ,1681432426
521,iqaluit,63.7506,-68.5145,-7.15,86,100,3.09,CA,1681432426
522,nagato,34.3833,131.2,18.08,69,100,3.65,JP,1681432426
523,paita,-5.0892,-81.1144,27.18,76,100,4.13,PE,1681432426
524,banjar,-8.19,114.9675,28.24,76,100,2.16,ID,1681432426
525,ganganagar,29.9167,73.8833,26.64,18,0,2.33,IN,1681432426
526,little current,45.9793,-81.9248,8.4,91,99,1.93,CA,1681432426
527,laguna,38.421,-121.4238,20.99,21,0,4.12,US,1681432310
528,nouakchott,18.0858,-15.9785,26.96,65,99,4.99,MR,1681432427
529,lakes entrance,-37.8811,147.981,18.42,66,29,3.07,AU,1681432427
530,groa,62.65,8.7167,4.07,86,58,5.09,NO,1681432427
531,oksovskiy,62.6062,39.8984,-9.34,94,7,1.97,RU,1681432427
532,sile,41.1754,29.6133,11.98,57,2,1.79,TR,1681432427
533,tacuarembo,-31.7333,-55.9833,11.99,51,4,3.93,UY,1681432427
534,port augusta,-32.5,137.7667,23.28,28,100,8.59,AU,1681432427
535,te anau,-45.4167,167.7167,15.63,63,7,0.53,NZ,1681432427
536,kouroussa,10.65,-9.8833,28.64,20,11,1.77,GN,1681432427
537,sao joao da barra,-21.6403,-41.0511,25.05,90,33,3.51,BR,1681432428
538,tanabe,33.7333,135.3667,18.56,68,0,2.57,JP,1681432428
539,los chiles,11.0333,-84.7167,26.3,74,98,3.46,CR,1681432428
540,tete,-16.1564,33.5867,20.05,100,20,0.0,MZ,1681432428
541,turukhansk,65.8167,87.9833,-20.49,96,100,2.4,RU,1681432428
542,tlalnepantla,19.5269,-99.2217,23.12,33,75,6.17,MX,1681432258
543,pedra azul,-16.0053,-41.2972,21.02,88,76,1.58,BR,1681432428
544,laguna de perlas,12.3429,-83.6712,26.09,82,36,5.34,NI,1681432429
545,opatija,45.3392,14.3083,8.38,88,100,1.5,HR,1681432429
546,pastos bons,-6.6017,-44.0767,23.68,73,100,1.25,BR,1681432429
547,yantal,56.8471,105.2542,-2.19,68,100,3.95,RU,1681432429
548,kananga,-5.8958,22.4178,21.95,87,100,0.99,CD,1681432429
549,araouane,18.9048,-3.5265,27.37,9,100,5.22,ML,1681432429
550,great bend,38.3645,-98.7648,27.07,28,0,12.86,US,1681432371
551,iskateley,67.6803,53.1512,-9.79,92,83,6.3,RU,1681432429
552,kyshtovka,56.555,76.6271,-9.06,77,100,6.28,RU,1681432430
553,guerrero negro,27.9769,-114.0611,15.42,64,0,8.28,MX,1681432430
554,sivaki,52.6333,126.75,2.83,59,27,2.85,RU,1681432430
555,hakodate,41.7758,140.7367,13.17,71,75,5.66,JP,1681432430
556,tandil,-37.3217,-59.1332,6.94,68,36,3.0,AR,1681432201
557,normandin,48.8333,-72.5321,15.17,37,100,8.75,CA,1681432430
558,alabaster,33.2443,-86.8164,19.1,96,100,3.09,US,1681432431
559,flinders,-34.5833,150.8552,18.54,93,76,4.91,AU,1681432431
560,cap malheureux,-19.9842,57.6142,24.15,88,2,1.19,MU,1681432271
561,tulsipur,28.131,82.2973,23.21,20,95,2.6,NP,1681432431
562,zheshart,62.0731,49.5733,-13.44,92,12,1.99,RU,1681432431
563,naze,28.3667,129.4833,20.51,95,100,4.77,JP,1681432431
564,portland,45.5234,-122.6762,13.99,45,75,3.13,US,1681432141
565,anloga,5.7947,0.8973,28.05,82,33,5.88,GH,1681432431
566,ocean city,39.2776,-74.5746,23.14,70,6,3.13,US,1681432431
567,bushehr,28.9684,50.8385,22.05,60,0,12.86,IR,1681432432
568,chicama,-7.8447,-79.1469,26.3,76,100,3.1,PE,1681432432
569,ban tak,17.0432,99.0813,29.15,53,31,2.4,TH,1681432432
570,zarechnyy,53.2036,45.1923,5.34,69,100,9.1,RU,1681432432
571,mtsensk,53.2766,36.5733,7.53,64,100,8.79,RU,1681432432
572,duxbury,42.0418,-70.6723,27.08,45,0,4.63,US,1681432432
573,saint-paul,-21.0096,55.2707,24.44,92,100,2.07,RE,1681432432
574,hofn,64.2539,-15.2082,5.06,76,100,5.23,IS,1681432432
575,tukrah,32.5341,20.5791,19.36,31,100,7.43,LY,1681432433
576,axim,4.8699,-2.2405,26.6,86,69,2.24,GH,1681432433
577,sohagpur,22.7,78.2,28.02,30,29,2.01,IN,1681432437
578,umm lajj,25.0213,37.2685,21.05,43,0,6.13,SA,1681432437
579,usinsk,65.9939,57.5281,-10.8,95,100,5.3,RU,1681432437
580,husavik,66.0449,-17.3389,2.28,92,95,0.91,IS,1681432437
581,aqtobe,50.2797,57.2072,13.05,47,40,8.0,KZ,1681432437
582,wattegama,6.7989,81.4808,24.12,92,29,0.91,LK,1681432438
583,mankachar,25.5333,89.8667,26.66,31,95,2.33,IN,1681432438
584,ust-katav,54.9369,58.1656,1.67,86,100,5.78,RU,1681432438
585,juegang,32.3174,121.1855,19.43,89,100,3.28,CN,1681432438
586,chitral,35.8462,71.7858,12.69,35,0,2.86,PK,1681432438
